{
  "hasPassword": false,
  "institutionConfig": {
    "id": "ef406de6-589d-494b-8200-9ed7de4dc914",
    "hasPassword": false,
    "properties": {
      "proposalsUntil": "2030-12-31",
      "synchronizePrescriptions": "false",
      "registrationStep": "1",
      "allowAutoAcceptAppointments": "false",
      "timeLimitExpiration": "1",
      "timeLimitExpirationNotification": "Bitte haben Sie Verst\u00e4ndnis daf\u00fcr, dass Termine in unserer Praxis kurz vor Terminbeginn nicht mehr online abgesagt werden k\u00f6nnen.",
      "prescriptionDeliveryViaMail": "false",
      "offerConsultation": "false",
      "useLiveBooking": "false",
      "allowProposalsBeforeLogin": "true",
      "practiceName": "M E D I N E U M - Zentrum f\u00fcr Allgemeinmedizin",
      "offerFindings": "true",
      "proposalPeriod": "-1",
      "appointmentNotesMandatory": "false",
      "disableManualPhysicianConfig": "true",
      "offerWithdrawn": "true",
      "offerBooking": "true",
      "offerVitalmonitor": "false",
      "allowManualPhysicianConfig": "false",
      "offerAppointmentsWeb": "false",
      "disableAppointmentCancellationSynchMode": "false",
      "allowManualAppointmentTypeConfig": "true",
      "askForPatientInsuranceType": "false",
      "timeLimitExpirationType": "HOUR",
      "autoAcceptAppointments": "false",
      "appointmentRequestAdvice": "",
      "disableSendEmailConfirmation": "false",
      "offerRecall": "",
      "prescriptionPeriod": "0",
      "messageArchiveTimePeriodDays": "10",
      "appointmentProposalPeriod": "0",
      "disableManualAppointmentTypeConfig": "false",
      "zipPatientIndex": "true",
      "offerQuestionnaire": "false",
      "showPracticeCombobox": "false",
      "appointmentAdjustingDefaultValue": "me",
      "disableAppointmentNotes": "false",
      "leadTime": "",
      "disablePrescriptionPickUpInThePractice": "false",
      "offerPrescription": "false",
      "disableManualCalendarConfig": "true",
      "useCustodianScheduling": "false",
      "bvPracticeName": "M E D I N E U M - Zentrum f\u00fcr Allgemeinmedizin",
      "allowManualBookableTimesConfig": "true",
      "sharedCalendarConfig": "true",
      "useAdjustAppointmentDirectConnection": "true",
      "useMessagesWithAttachments": "true",
      "offerCustodianScheduling": "false",
      "allowAppointmentCancellationDirectMode": "true",
      "allowAppointmentGuestBooking": "true",
      "cgmNumber": "01300090660",
      "disableManualBookableTimesConfig": "false",
      "appointmentProposalOffset": "1d",
      "welcomeText": "Herzlich willkommen!",
      "appointmentRestriction": "1",
      "useExtendedReminder": "true",
      "allowManualCalendarConfig": "false",
      "cgUid": "ef406de6-589d-494b-8200-9ed7de4dc914",
      "proposalsBeforeLogin": "true",
      "bookingConfigSelectionOrder": "1",
      "allowCustomDeliveryOptions": "false",
      "lifeClientVersion": "5.12.0"
    },
    "practiceSpecificFlags": {
      "searchVisibility": "ALL",
      "hiddenFromSearch": "false"
    }
  },
  "customization": {
    "id": "8a967659-cef5-4e13-ab4e-7a78c3b4040c",
    "country": "AT",
    "providerName": "Health Communication Service GmbH",
    "shortProviderName": "HCS",
    "serviceEmailAddress": "office@hcs.at",
    "emailSourceIdentifier": "no-reply@clickdoc.at",
    "hasLifeKeyGtc": false,
    "offerSmsReminder": false,
    "offerEmailReminder": true,
    "offerSelfRegistration": true,
    "availableLanguages": "de_DE,en_US",
    "service": "AIS.eServices",
    "comment": "Customization for eServices Patient Client and country AT",
    "showProviderFooter": true,
    "showSupportFooter": false,
    "showMedicalDisclaimerFooter": false,
    "allowAppointmentNotes": true,
    "appointmentNotesIdentifiedOnly": false,
    "contactCompanyName": "HCS HEALTH COMMUNICATION SERVICE GMBH",
    "contactAddressLine1": "Ricoweg 22",
    "contactAddressLine2": "Pachergasse 4, A-4400 Steyr",
    "contactPostalCode": "A-2351",
    "contactCity": "Wr. Neudorf",
    "contactPhoneNumber": "02236 8000 600",
    "contactEmailAddress": "office@hcs.at",
    "contactWebsite": "www.hcs.at",
    "contactFaxNumber": "02236 8000 777",
    "contactRepresentative": "Roland Romirer, Martin Schauperl",
    "contactRegisterAuthority": "Landesgericht Steyr",
    "contactRegisterNumber": "FN232545 d",
    "contactVatId": "ATU56815478",
    "serverName": "https://at.cgmlife.com"
  },
  "countryIdentifier": "AT",
  "address": {
    "addendum": "",
    "city": "Klagenfurt am W\u00f6rthersee",
    "country": {
      "id": "country_AT_1",
      "catalogId": "Country_Id",
      "catalogVersion": "1",
      "code": "AT",
      "name": "Austria",
      "effectiveFrom": "2014-01-15T01:00:00+01:00",
      "effectiveUntil": "2021-02-28T01:00:00+01:00",
      "longName": "Republic of Austria",
      "iso3166Alpha3Code": "AUT",
      "iso3166Num3Code": "040",
      "currencyCode": "EUR",
      "gkvIdentifier": "A"
    },
    "municipality": "K",
    "postalCode": "9020",
    "street": "St. Veiter Str. 161",
    "coordinate": {
      "latitude": 46.647618,
      "longitude": 14.313287
    }
  },
  "mainPhoneNumber": "0463392020",
  "website": "www.medineum.at"
}