[
    {
        "id": "kutschera_graz",
        "name": "Dr. Martin Eckhardt",
        "speciality": "Augenheilkunde",
        "address": "Reininghausstraße 13a, 8020 Graz",
        "insurance": [
            "ÖGK",
            "BVAEB"
        ],
        "scraper_type": "kutschera",
        "kunden_id": 385,
        "blockzeit": 30
    },
    {
        "id": "pve_kumberg_graz_umgebung",
        "name": "PVE Kumberg (Dr. Knes & Partner)",
        "speciality": "Allgemeinmedizin (PVE)",
        "address": "Meierhof 2, 8062 Kumberg (bei Graz)",
        "insurance": [
            "Alle Kassen"
        ],
        "scraper_type": "latido",
        "booking_url": "https://patient.latido.at/arzt/_PVE_Kumberg",
        "doctor_id": "638dc43aa32c8f52520a4f90",
        "calendar_id": "638dc43cc32ba08ae2ffbad6",
        "type_id": "63dbc88a56a559cdc9ff0d43"
    },
    {
        "id": "gyn_weiz_winder",
        "name": "Dr. Franziska Winder",
        "speciality": "Frauenheilkunde & Geburtshilfe",
        "address": "Birkfelder Straße 1, 8160 Weiz (Nähe Graz)",
        "insurance": [
            "Wahlarzt",
            "KFA"
        ],
        "scraper_type": "latido",
        "booking_url": "https://patient.latido.at/arzt/_Winder",
        "doctor_id": "67921d977a5466ddcdf9eefd",
        "calendar_id": "67921d99e4dca0f614a0106f",
        "type_id": "67ccab3bf5b27d83bf5b965d"
    },
    {
        "id": "hno_graz_nord",
        "name": "Dr. Johannes P. Schippinger",
        "speciality": "HNO (Hals-Nasen-Ohren)",
        "address": "Exerzierplatzstraße 33, 8051 Graz",
        "insurance": [
            "Wahlarzt"
        ],
        "scraper_type": "latido",
        "booking_url": "https://patient.latido.at/arzt/_Schippinger",
        "doctor_id": "5f29165af1a68ab51bb08465",
        "calendar_id": "5f29165b226eda337db0846e",
        "type_id": "68eb89bff8bbe01359d83fe4"
    },
    {
        "id": "ensat_mobimed",
        "name": "Dr. Florian Ensat",
        "speciality": "Hautkrankheiten",
        "address": "Körblergasse 42, 8010 Graz",
        "insurance": [
            "Wahlarzt"
        ],
        "scraper_type": "mobimed",
        "booking_url": "https://scheduler.mobimed.at/ensat/",
        "mobimed_user_id": 5002,
        "mobimed_service_id": 21
    },
    {
        "id": "schmidmayr_timesloth",
        "name": "Dr. Barbara Schmidmayr (PVZ Kumberg)",
        "speciality": "Allgemeinmedizin",
        "address": "Meierhof 2, 8062 Kumberg",
        "insurance": [
            "Alle Kassen"
        ],
        "scraper_type": "timesloth",
        "booking_url": "https://shop.timesloth.io/de/a/dr-schmidmayr/MHFBKJHRET3gALMawVRO?backButton=true"
    },
    {
        "id": "zacherl_graz",
        "name": "Priv.-Doz. Dr. Max Zacherl",
        "speciality": "Orthopädie & Unfallchirurgie",
        "address": "Auersperggasse 12, 8010 Graz",
        "insurance": [
            "Wahlarzt"
        ],
        "scraper_type": "latido",
        "booking_url": "https://patient.latido.at/arzt/_M.A.",
        "doctor_id": "63be8609dcbc977c5f6283c3",
        "calendar_id": "63be860a3359274dd67e0e64",
        "type_id": "63be860a6355aa8eefc0e96c"
    },
    {
        "id": "sauseng_kalsdorf",
        "name": "Dr. Wolfgang Sauseng",
        "speciality": "Allgemeinmedizin",
        "address": "Hauptstraße 155, 8401 Kalsdorf bei Graz",
        "insurance": [
            "Wahlarzt"
        ],
        "scraper_type": "latido",
        "booking_url": "https://patient.latido.at/arzt/_Sauseng",
        "doctor_id": "6332c3b8b83e7720cd85740c",
        "calendar_id": "66348fb08c8c751d8d1051a1",
        "type_id": "6649caf6e2020d5a8576153d"
    }
]